,title,category,date,time,full-text,tag,growth
0,Хуснуллин назвал неоднозначным вопрос строительства моста на Сахалин,Экономика,06.06.2024,18:00:45,"Проект моста,&nbsp;который связал бы остров Сахалин с материком,&nbsp;&mdash; вопрос неоднозначный, заявил вице-премьер Марат Хуснуллин в эфире телеканала РБК. По его словам, это связано с двумя причинами. Во-первых, это дорогостоящий проект, тогда как на Сахалине не такой большой объем грузов. Во-вторых, &laquo;чтобы мост поехал&raquo;, туда&nbsp;&laquo;надо построить и подвести&raquo;&nbsp;500 км дорог, подчеркнул вице-премьер.

&laquo;Стратегически, если деньги есть, его надо строить. Если денег пока нет, его нужно отложить. Потому что, конечно, связь Сахалина, как Крыма&nbsp;&mdash; это правильное решение, когда у тебя есть хорошая автомобильная связь. Но это при наличии денег в бюджете. Если денег нет, тогда чуть вправо сдвигаем&raquo;,&nbsp;&mdash; резюмировал Хуснуллин. Он также отметил, что поручение проработать этот проект есть, но еще рано говорить о том, сколько он может стоить&nbsp;&mdash; &laquo;пока есть очень предварительные проработки&raquo;.



Проект строительства моста на Сахалин&nbsp;власти обсуждают уже более 20 лет. О важности строительства такого моста президент Владимир Путин в апреле 2024 года напоминал на встрече с губернатором Сахалинской области Валерием Лимаренко. &laquo;Сама по себе тема важная, я согласен. Нужно связать мостовым переходом Сахалин с материком. И развитие пойдет там другими темпами, уверен абсолютно. Давайте вернемся к этой теме, посмотрим&raquo;,&nbsp;&mdash; сказал тогда глава государства.

Вчера, 5 июня, в интервью телеканалу РБК Лимаренко&nbsp;сказал, что &laquo;настоящая оценка [стоимости проекта&nbsp;&mdash; РБК] будет тогда, когда будет проект&raquo;. Когда делали предпроектные исследования, он&nbsp;был оценен в&nbsp;600&ndash;700 млрд руб., сейчас оценки&nbsp;&mdash; 800&ndash;900 млрд руб., потому что &laquo;время идет и что-то меняется&raquo;.&nbsp;При этом Лимаренко не исключает, что стоимость проекта будет увеличиваться и дальше.

В реализации проекта Лимаренко не сомневается. Губернатор подчеркивает, что, &laquo;во-первых, принято политическое решение, и, во-вторых, развивается промышленность, и поэтому мост абсолютно логичен&raquo;: &laquo;Был разговор о том, что мост будет тогда, когда будет экономическое обоснование. В принципе сейчас уже просматривается экономическое обоснование&raquo;.



Публично о готовности построить переход в 2018 году &mdash; &laquo;если будет поставлена такая задача&raquo; &mdash; заявлял&nbsp;Аркадий Ротенберг, структуры которого занимались строительством Крымского моста.&nbsp;

Изначально речь шла о том, что реализация проекта&nbsp;потребует&nbsp;строительства&nbsp;новой железной дороги (приблизительно 580 км) со стороны Транссиба, железнодорожного и автомобильного моста через Татарский пролив (7,5 км), а также модернизации&nbsp;железнодорожной сети Сахалина (около 870 км). В 2002 году правительственная экспертиза показала, что с технической точки зрения проект реализуем, а его стоимость оценивалась в $4,5 млрд, однако мост построен не был.

Вновь вопрос о транспортном переходе на Сахалин был поднят на первом Восточном экономическом форуме в сентябре 2015 года, когда только вступивший в должность глава РЖД Олег Белозеров говорил, что &laquo;это очень реальный проект в недалеком будущем&raquo;.

В июле 2018 года президент Владимир Путин поручил правительству проработать вопрос о строительстве моста на&nbsp;Сахалин, а в сентябре &mdash; подсчитать, достаточно ли будет грузов для его окупаемости. В октябре 2019-го Белозеров говорил, что мост на Сахалин&nbsp;может быть построен до конца 2035 года, а технико-экономическое обоснование проекта будет подготовлено в течение &laquo;трех недель &mdash; месяца&raquo;.

В 2020-м специальный представитель президента России по вопросам природоохранной деятельности, экологии и транспорта Сергей Иванов заявлял, что с экономической точки зрения мост на Сахалин не нужен, поскольку &laquo;для этого моста нет грузов&raquo;.",Марат Хуснуллин Сахалин мосты,0 
1,Кремль отказался назвать регионы поставок оружия в качестве ответа Западу,Политика,06.06.2024,17:55:22,"Москва не обязана обозначать регионы поставок дальнобойного вооружения третьим странам в ответ на действия Запада на Украине, заявил пресс-секретарь президента России Дмитрий Песков журналисту Павлу Зарубину.

По его словам, заявление президента Владимира Путина о поставках российских вооружений уже услышано на Западе.

&laquo;Это заявление четкое, недвусмысленное, легко считываемое всеми. И оно было считано. И судя по тому, как оно широко разошлось уже в мировых СМИ, в главных информационных сетях, очевидно, что сейчас его пристально изучают&raquo;,&nbsp;&mdash; сказал Песков.

На встрече с представителями мировых информационных агентств на полях Петербургского международного экономического форума (ПМЭФ) 5 июня Путин отметил, что Москва может поставить свое вооружение в регионы мира, из которых будут наноситься удары по объектам стран, поставляющих Украине оружие.

&laquo;Если кто-то считает возможным поставлять такое оружие в зону боевых действий для нанесения ударов по нашей территории и создания проблем для нас, то почему у нас нет права поставлять наше оружие такого&nbsp;же класса в те регионы мира, где будут наноситься удары по чувствительным объектам тех стран, которые делают это в отношении России?&raquo;,&nbsp;&mdash; задал вопрос глава государства. По словам Путина, такой ответ &laquo;может быть асимметричным&raquo;.

Материал дополняется",Дмитрий Песков Запад поставки оружия,-1 
2,Стрелявший из окна в Бибирево мужчина свалил вину на щебетавших птиц,Общество,06.06.2024,17:55:18,"Мужчина, который устроил стрельбу из пневматического ружья в московском районе Бибирево объяснил свои действия тем, что мешали спать звуки птиц с улицы, сообщила прокуратура столицы в телеграм-канале.

&laquo;Находясь в состоянии сильного алкогольного опьянения, злоумышленник пытался уснуть, но ему якобы мешали звуки птиц, доносящиеся с улицы. Он взял ружье и не менее 10 раз выстрелил из окна квартиры&raquo;,&nbsp;&mdash; говорится в сообщении.



Мужчина стрелял из пневматического ружья, который ему подарил друг пять месяцев назад. Пули к ружью стрелок приобрел за три дня до этого.

В ведомстве уточнили, что стрельба произошла примерно в 15:30 мск.



Следователи возбудили уголовное дело по ч. 2 ст. 213 Уголовного кодекса&nbsp;&mdash; хулиганство. Она предусматривает наказание в виде лишения свободы на срок до семи лет.

По данным ведомства, суд заключил обвиняемого под стражу до 4 августа 2024 года.



Мужчина открыл стрельбу 4 июня рядом с торговым центром на Костромской улице. В результате пострадали два проходивших мимо человека&nbsp;&mdash; мужчина и женщина. Кроме того, повреждения получили стекла в общественном транспорте.

Первый пострадавший отказался от госпитализации, вторую доставили в больницу с ранением предплечья, сообщил телеграм-канал Baza.",«Бибирево» стрельба прокуратура уголовное дело,0 
3,Интервью Собянина о новой экономике в Москве и городе будущего. Видео,Политика,06.06.2024,17:48:45,"В Москве в 2000-ых годах &laquo;попались на эту модную историю&raquo; и начали выводить производство за пределы города, рассказал в интервью телеканалу РБК Сергей Собянин. Но оказалось, что &laquo;так не работает&raquo;. О том, как в Москву возвращается производство, как идет освоение промышленных серых зон и кто из специалистов нужен Москве&nbsp;&mdash; в полном видео интервью для телеканала РБК.",Сергей Собянин Москва интервью РБК ПМЭФ,1 
4,Первая ракетка мира в третий раз подряд вышла в финал «Ролан Гаррос»,Спорт,06.06.2024,17:47:47,"Первая ракетка мира Ига Свёнтек вышла в финал &laquo;Ролан Гаррос&raquo;, который проходит в Париже.

В полуфинале полька обыграла американку Кори Гауфф (третья в рейтинге) со счетом 6:2, 6:4. Матч продолжался 1 час 40 минут.

Полька выиграла у Гауфф 11-й матч из 12&nbsp;&mdash; она встречалась с американкой на турнирах WTA чаще, чем с другими соперницами.

Свёнтек три раза побеждала на &laquo;Ролан Гаррос&raquo;, в том числе в 2022 и 2023 годах.



Гауфф после &laquo;Ролан Гаррос&raquo; станет второй ракеткой мира, сместив белоруску Арину Соболенко, которая проиграла Мирре Андреевой в четвертьфинале.

В финале Свёнтек сыграет с Андреевой (38-я) или итальянкой Джасмин Паолини (15-я).

В случае победы на турнире полька станет первой теннисисткой, родившейся после 1990 года, которая выиграла пять турниров &laquo;Большого шлема&raquo;, и только четвертой спортсменкой в Открытой эре, четыре раза побеждавшей на &laquo;Ролан Гаррос&raquo;.",теннис Ролан Гаррос Ига Свёнтек Кори Гауфф,1 
5,"Костин заявил, что «богатые люди должны плакать»",Финансы,06.06.2024,17:45:44,"Новые ставки налогов не будут демотивировать граждан и бизнес, считает глава ВТБ Андрей Костин.

&laquo;Я с удовольствием буду платить больше налог. У нас все-таки низкие налоги, я помню, как они складывались в 1990-е годы, когда вообще никто не знал ничего&raquo;,&nbsp;&mdash; сказал Костин журналистам на ПМЭФ, передает корреспондент РБК.



&laquo;Но 20&ndash;22% [НДФЛ]&nbsp;&mdash; максимально небольшая вилка. Любую страну возьмите&nbsp;&mdash; Англию, Америку. Поэтому, если мы хотим иметь хорошую культуру, хорошее образование бесплатное, хорошее здравоохранение, меньше коммерции в детском спорте, хорошую армию и флот, то, конечно, нужно собирать [повышенные налоги]. Но они не должны быть на том уровне, когда они начинают демотивировать бизнес и людей к получению больших результатов. Пока на этом уровне, на мой взгляд, это не демотивирует&raquo;,&nbsp;&mdash; добавил глава ВТБ.

&laquo;Я считаю, что все переживут. Богатые люди должны плакать, как в мексиканском сериале. Мы каждый день читаем: российские олигархи в этом году разбогатели на $17 млрд... Ну вот, 5% туда лишних сложить.&nbsp;&mdash; отметил Костин.&nbsp;&mdash; Но если мы начнем поднимать еще и еще выше, то на каком-то этапе все скажут: пошли вы нафиг.&nbsp;Но пока я такого не вижу настроя&raquo;.

Повышение налогов отражается негативно на экономической активности, однако внесенный Минфином законопроект с пятиступенчатым НДФЛ достаточно сбалансированный и ожидаемый, говорил ранее на ПМЭФ глава Сбербанка Герман Греф. &laquo;Я думаю, что нет никого в бизнесе, кто&nbsp;бы очень мечтал получить повышенные налоги, поэтому, конечно, любое повышение налогов отражается негативно на экономической активности. Но надо сказать, что тот пакет, который внесен, он все-таки достаточно сбалансированный. Повышение налогов на доходы (НДФЛ.&nbsp;&mdash; РБК)&nbsp;&mdash; давно ожидаемая тема&raquo;,&nbsp;&mdash; сказал он.



Правительство уже внесло в Думу законопроект о новых налогах. Согласно этому документу, налог на прибыль организаций увеличивается с 20 до 25%, также водится пять ступеней налога на доходы физических лиц (НДФЛ) вместо существующих двух:


13% при доходах до 200 тыс. руб. в месяц (2,4 млн руб. в год);
15% для части дохода в диапазоне 200&ndash;416,7 тыс. руб. в месяц (2,4&ndash;5 млн руб. в год);
18% для части дохода в диапазоне 416,7 тыс.&nbsp;&mdash; 1,67 млн руб. в месяц (5&ndash;20 млн руб. в год);
20% для части дохода в диапазоне 1,67&ndash;4,17 млн в месяц (20&ndash;50 млн руб. в год);
22% при доходах свыше 4,17 млн руб. в месяц (50 млн руб. в год).


Минфин оценивал объем дополнительных доходов бюджета в 2025 году от предложенных налоговых преобразований в 2,6 трлн руб. Премьер-министр Михаил Мишустин отмечал, что изменения ставки коснутся не более 3% (около 2 млн) работающих россиян.",Андрей Костин НДФЛ налоги ВТБ,-2 
6,Может ли «мусорная война» между Кореями привести к эскалации конфликта,Политика,06.06.2024,17:43:18,"Южнокорейская группа активистов-перебежчиков из КНДР 6 июня сообщила, что запустила через границу между двумя Кореями десять больших воздушных шаров с 200 тыс. листовок, критикующих северокорейские власти, 5 тыс. USB-флешек с K-Pop и популярным южнокорейским сериалом &laquo;Зимняя соната&raquo;, а также 2 тыс. купюр номиналом $1.

Глава движения &laquo;Борцы за свободную Северную Корею&raquo; Пак Сан Хак пояснил, что акция стала ответом на ранее отправленные Пхеньяном шары с мусором, а также на заявление лидера КНДР Ким Чен Ына, что Сеул остается &laquo;неизменным врагом&raquo;. &laquo;Мы отправляли факты и правду, любовь и лекарства, однодолларовые банкноты, драмы и танцевальную музыку, но варварский Ким Чен Ын прислал в ответ мусор и не принес ни единого извинения&raquo;,&nbsp;&mdash; добавил Пак.

Как начались &laquo;мусорная война&raquo; между Сеулом и Пхеньяном

Северная и Южная Корея начали использовать воздушные шары для обмена пропагандистскими сообщениями еще во времена Корейской войны 1950&ndash;1953 годов. Южнокорейская исследовательница Ли Им Ха напоминает, что командующий многонациональными силами, сформированными для поддержки Южной Кореи под эгидой Организации Объединенных Наций, генерал США Дуглас Макартур распорядился &laquo;похоронить врагах в листовках&raquo;, и авиация сбросила на позиции северян и китайцев порядка 2,5 млрд брошюр. По подсчетам Ли, этого было достаточно, чтобы покрыть всю территорию Корейского полуострова слоем в 35 листовок. Северокорейские силы сбросили на позиции противника около 30 млн брошюр.

Затем на протяжении полувека подобные акции устраивали власти обеих стран, но на первом межкорейском саммите, прошедшем в 2000 году, Сеул и Пхеньян договорились больше не заниматься пропагандой в отношении друг друга. Впрочем, инициативу тут&nbsp;же перехватили многочисленные южнокорейские неправительственные организации, нередко состоящие из перебежчиков из КНДР и пытающиеся таким образом инспирировать смену политического режима в соседней стране. Активисты также используют шары для пересылки на север религиозной литературы, радиоприемников, флешек с южнокорейской музыкой и фильмами, лекарств, риса и небольших подарков&nbsp;&mdash; ручек, шарфов, нижнего белья и т. п.



В 2020 году, когда Сеул держал курс на нормализацию отношений с КНДР, южнокорейский парламент принял закон, прямо запрещавший сброс пропагандистских листовок над территорией соседней страны. Нарушителям грозило наказание в виде тюремного заключения сроком до трех лет или штрафа размером до 30 млн вон (около $22 тыс.). Но в сентябре 2023 года, при нынешнем более консервативном правительстве, Верховный суд Южной Кореи постановил, что этот запрет нарушает закрепленную в конституции свободу слова, и активисты возобновили переброску листовок в Северную Корею.

К концу мая 2024 года терпение КНДР, по всей видимости, лопнуло. По данным Сеула, за неделю с 28 мая по 4 июня северокорейское правительство выпустило порядка 1 тыс. воздушных шаров&nbsp;&mdash; 720 из них за ночь с 1 на 2 июня, несмотря на то, что граница между двумя Кореями считается одной из наиболее охраняемых во всем мире. После достижения южнокорейского пространства в воздушных шарах срабатывали специальные детонаторы и происходил сброс 10-килограммовых пластиковых пакетов с навозом, сигаретным окурками, тканевыми обрывками, использованными батарейками и грязными памперсами. Все они падали в окрестностях Сеула и других приграничных регионах.

К уборке шаров были привлечены специалисты радиационной, химической и биологической защиты из-за опасений, что КНДР могла сбросить опасные вещества&nbsp;&mdash; впрочем, их обнаружено не было.



Замминистра обороны КНДР Ким Кан Ир привел даже большую цифру&nbsp;&mdash; по его словам, Пхеньян выпустил 3,5 тыс. воздушных шаров с 15 т&nbsp;отходов&nbsp;&mdash; &laquo;любимой игрушкой человеческого отребья&raquo;. &laquo;Мы позволили южнокорейцам на собственном опыте убедиться в том, насколько это неприятно и сколько усилий требуется, чтобы убрать разбросанный мусор&raquo;,&nbsp;&mdash; приводит его слова главный информационный орган КНДР, Центральное телеграфное агентство Кореи (ЦТАК).

Кроме того, 28 мая Северная Корея предприняла попытку запуска разведывательного спутника (неудачную), а 30 мая выпустила свыше 10 баллистических ракет малой дальности, а также на протяжении нескольких дней глушила сигнал GPS в водах Желтого моря. В качестве ответной сдерживающей меры Южная Корея и США провели совместные учения по применению высокоточных бомб с задействованием американского бомбардировщика В-1В.

Чем опасна новая волна запусков воздушных шаров с юга на север

Офис президента Южной Кореи Юн Сок Ёля назвал действия соседа &laquo;грязными провокациями, до которых не додумалась&nbsp;бы ни одна нормальная страна&raquo; и пригрозил принять &laquo;невыносимые&raquo; для Севера меры. Совет по национальной безопасности Южной Кореи постановил полностью приостановить действие межкорейского пакта о снижении напряженности 2018 года (в ноябре Сеул уже объявлял о частичном прекращении действия соглашения, в ответ на что Пхеньян заявлял, что более не считает себя связанным положениями &laquo;простого куска бумаги&raquo;).

Теперь&nbsp;же южнокорейские власти обещают &laquo;возобновить все военные действия&raquo;, запрещенные пактом 2018 года, но какие именно&nbsp;&mdash; не уточняется. Судя по всему, одной из &laquo;невыносимых&raquo; для Пхеньяна мер станет возобновление трансляции пропагандистских сообщений по громкоговорителям в приграничных районах. 4 июня с южнокорейской стороны демилитаризованной зоны (DMZ) вновь были установлены динамики, военные ожидают распоряжения главы государства об их включении.



После угроз Сеула северокорейские власти прекратили отправку воздушных шаров, но пообещали сбросить &laquo;в сто раз больше туалетной бумаги и нечистот&raquo;, чем южане, если те возобновят акции. Ночной запуск &laquo;Борцов за свободную Северную Корею&raquo;, таким образом, может стать триггером для новой волны &laquo;мусорной войны&raquo;.

Ведущий научный сотрудник Центра корейских исследований Института Китая и современной Азии РАН Константин Асмолов в беседе с РБК предположил, что организация Пак Сан Хака пытается спровоцировать вооруженный конфликт между двумя странами, вынудив Пхеньян ответить обещанным &laquo;морем огня&raquo;: попытками сбить шары из огнестрельного оружия или атаковать места запуска. По мнению эксперта, акции &laquo;Бойцов за свободную Северную Корею&raquo; вызывают сильную неприязнь у жителей приграничных регионов, откуда осуществляется запуск воздушных шаров. &laquo;Понимая, что поезд уходит, активисты пытаются достичь конфликта любой ценой и идут на обострение&raquo;,&nbsp;&mdash; отметил он.



Асмолов также пояснил: несмотря на опасения Сеула, что КНДР может использовать воздушные шары для химической и бактериологической атаки, именно Пан Сан Хак и его сторонники в свое время рассматривали возможность пересылки на север зараженных продуктов, чтобы спровоцировать там эпидемию и внутриполитический кризис с последующей сменой режима. &laquo;В этом контексте я не исключаю дальнейших более жестких провокаций, потому что в черном списке Пак Сан Хака уже была попытка засылать с территории Китая дроны со взрывчаткой&raquo;,&nbsp;&mdash; добавил эксперт.

Действиями &laquo;Борцов за свободную Северную Корею&raquo; не довольны и другие активисты. Глава организации &laquo;Голос мучеников Кореи&raquo; Эрик Фоули, использующий воздушные шары для пересылки в КНДР Библий, назвал акцию Пака &laquo;политическим театром&raquo;. &laquo;Если цель состоит в том, чтобы достучаться до северокорейцев без вмешательства северокорейского правительства, что, на мой взгляд, действительно должно быть целью запуска воздушных шаров, то лучший запуск&nbsp;&mdash; это тот, который остается незамеченным&raquo;,&nbsp;&mdash; заявил он изданию NK News.",Северная Корея Южная Корея КНДР Ким Чен Ын,0 
7,Спутник «Роскосмоса» сфотографировал последствия наводнений в Колумбии,Общество,06.06.2024,17:33:21,"Спутник &laquo;Роскосмоса&raquo; &laquo;Канопус-В&raquo; сделал снимки&nbsp;последствия наводнений в Колумбии, сообщает госкорпорация в своем телеграм-канале.

Мощные ливни прошли в колумбийском городе Барранкилья на Карибском побережье, вызвав сильные паводки. В мае 2024 года сезон дождей затронул 14 муниципалитетов департамента Рисаральда, где были зафиксированы оползни и наводнения.

Аргентинское издание Infobae сообщило, что за последние дни в Рисаральде произошло более 50 оползней, серьезно затронувших 9 муниципалитетов. Пострадали также несколько муниципалитетов департамента Кордова. В обоих регионах объявили режим бедствия из-за погодных условий.

В критическом положении находятся около четырех тысяч семей. Правительство Кордовы уже развернуло гуманитарную операцию. По прогнозам синоптиков, в Колумбии вновь ожидаются интенсивные дожди и ураганы.



Агентство Reuters также сообщило, что за последние несколько дней в департаменте Касанаре Колумбии около четырех тысяч человек пострадали от наводнения: подтоплены десятки домов и повреждены линии электропередач. Местным жителям приходится передвигаться на лодках, подтоплены сельскохозяйственные угодья.



Синоптики назвали&nbsp;причиной наводнения последствия природного феномена Эль-Ниньо. С этим же явлением ученые&nbsp;связывали аномальные дожди на юге Бразилии в начале мая. Тогда жертвами наводнения стали не менее 90 человек, еще более 130 пропали без вести, без жилья остались около 150 тыс. человек.",Колумбия наводнение оползень ливни спутник Роскосмос,1 
8,"Украина предъявит иск к России на $2,5 млрд за Каховскую ГЭС",Политика,06.06.2024,17:30:31,"Компания &laquo;Укргидроэнерго&raquo; инициировала инвестиционный арбитраж против России, обвинив ее в разрушении Каховской гидроэлектростанции (ГЭС).

В организации пояснили, что основанием для иска является соглашение о поощрении и взаимной защите инвестиций между Россией и Украиной от 1998 года. Перед подачей иска юристы &laquo;Укргидроэнерго&raquo; направили сообщения о разрешении спора и спустя полгода, которые отводятся на &laquo;добровольное возмещение Россией убытков&raquo;, обратятся в международный арбитражный суд.

Глава &laquo;Укргидроэнерго&raquo; Игорь Сирота заявил, что компания намерена затребовать с России $2,5 млрд за разрушение Каховской ГЭС. По мнению украинской стороны, в уничтожении станции виновата Россия.



Херсонская область вошла в состав России в сентябре 2022 года в результате референдума. Киев не признал их.

6 июня 2023 года обрушилась плотина Каховской ГЭС, расположенная выше Херсона по течению Днепра, левый берег которого находится под контролем российских военных, правый&nbsp;&mdash; под контролем украинских. В результате были затоплены населенные пункты по обеим сторонам реки. Российские и украинские власти обвинили в случившемся друг друга.

По словам президента России Владимира Путина, Москва «точно не заинтересована» в ударах по ГЭС из-за тяжелых последствий для подконтрольных территорий. Само разрушение он назвал «варварской акцией» украинских властей. Следственный комитет возбудил уголовное дело о теракте.

Официальный представитель российского МИДа Мария Захарова заявила, что плотина Каховской ГЭС разрушилась из-за «методичных атак ВСУ», которые проводились ранее.

Губернатор Херсонской области Владимир Сальдо уточнил, что станцию восстановят, &laquo;как только позволит военная обстановка&raquo;. Он оценил ущерб в 1,5 млрд руб. Председатель областного правительства Андрей Алексеенко назвал сумму&nbsp;11,5 млрд руб.",Каховская ГЭС Херсонская область Украина компенсация,-1 
9,Клубы Английской премьер-лиги проголосовали против отмены VAR,Спорт,06.06.2024,17:28:49,"Клубы Английской премьер-лиги (АПЛ) на общем собрании поддержали дальнейшее использование системы видеопомощи арбитрам (VAR) при условии внедрения ряда улучшений, сообщает пресс-служба лиги.

Из 20 клубов только &laquo;Вулверхэмптон&raquo; проголосовал против, пишет Daily Mail. Эта команда является наиболее пострадавшей от VAR за последние пять сезонов&nbsp;&mdash; арбитры VAR приняли только 15 решений в пользу &laquo;Вулверхэмптона&raquo; при 32 против.

Клубы АПЛ выступили за поддержание высокого порога вмешательства VAR во время матчей и сокращение задержек в игре за счет внедрения технологии полуавтоматического определения офсайда (SAOT).



Также было предложено принять меры, чтобы болельщики лучше относились к VAR&nbsp;&mdash; за счет разъяснения решений судьями и видеоповторов на большом экране.

VAR была внедрена в АПЛ в 2019 году. Система полуавтоматического определения офсайда появится в лиге с нового сезона.",Футбол VAR Английская премьер-лига (АПЛ),0 
10,Число пострадавших в ДТП с трамваями в Кемерово выросло до 125,Общество,06.06.2024,17:25:01,"Число пострадавших в результате ДТП с трамваями в Кемерово увеличилось до 125, сообщил врио главы региона Илья Середюк. Ранее было известно об одном погибшем и 108 пострадавших.

&laquo;По состоянию на 20:00 (16:00&nbsp;мск) в больницах Кузбасса остается 21 человек&raquo;,&nbsp;&mdash; написал губернатор. Он уточнил, что четверо из них находятся в тяжелом состоянии.

Домой отпустили 101 пострадавшего, в том числе десять&nbsp;детей, еще троих обследуют врачи, добавил Середюк. Глава региона также пообещал оказать помощь семье погибшего.



Утром 6 июня на Логовом шоссе в Кемерово столкнулись два трамвая. Перед аварией из трамвая на повороте выпали два человека. Пассажиры рассказали РБК, что сначала трамвай резко набрал скорость, а затем у него отказали тормоза. Следователи завели дело об оказании услуг, не отвечающих требованиям безопасности (ч. 2 ст. 238 Уголовного кодекса). По словам главы города, большинство пострадавших получили переломы и ушибы.",Кемерово ДТП трамвай пострадавшие,-1 
11,Балицкий заявил о национализации всех украинских объектов в Запорожье,Политика,06.06.2024,17:19:48,"Почти все объекты в Запорожской области, принадлежавшие украинским олигархам или госкорпорациям, национализировали, сообщил ТАСС губернатор региона Евгений Балицкий.

&laquo;Мы все объекты переписали, все объекты инвентаризированы. Процесс был небыстрый, но мы национализировали практически все на сегодняшний день в Запорожской области объекты убежавших олигархов или госкорпораций Украины или других не дружественных нам стран&raquo;,&nbsp;&mdash; сказал Балицкий.



Объекты в Запорожской области, которые ранее были в публичной собственности на Украине, проходят национализацию по ускоренной процедуре, рассказал в ходе Петербургского международного экономического форума (ПМЭФ) и.о. вице-премьера правительства региона Юрий Гуськов.

По его словам, к концу 2024 года &laquo;казна будет наполнена определенными активами&raquo;. Гуськов уточнил, что национализация в том числе коснулась нефтехимической компании &laquo;Азмол&raquo; и предприятия &laquo;Бердянские жатки&raquo;, принадлежавших украинскому предпринимателю и народному депутату Александру Пономареву.",Евгений Балицкий Запорожская область национализация Украина,-1 
12,Оператор биометрии предложил запустить идентификацию россиян за границей,Финансы,06.06.2024,17:17:58,"Россиянам следует дать возможность сдавать биометрические данные за границей, чтобы пользоваться финансовыми сервисами за пределами страны&nbsp;&mdash; о проработке такого вопроса рассказал генеральный директор Центра биометрических технологий (ЦБТ, оператор биометрических данных) Владислав Поволоцкий на сессии ПМЭФ &laquo;Мировые тренды в платежах: новые возможности и новые решения&raquo;.

&laquo;Для нас в том числе очень важно дать возможность гражданам Российской Федерации иметь возможность получить некие финансовые сервисы за пределами территории РФ, но, естественно, быть уверенным в том, что это доверенная история взаимодействия признанных друг у друга государств&raquo;,&nbsp;&mdash; сказал Поволоцкий.

По его словам, это &laquo;действительно заманчивая&raquo; инициатива по дистанционной идентификации ЦБТ нужна для проведения трансграничных платежей. Она устранит необходимость пересекать границу, если человек находится в другой стране, но при этом позволит сохранить биометрические и любые другие персональные данные на территории России. &laquo;Мне кажется, эта та ключевая форточка, дверь, которая способна нас вывести также на общение с нашими дружественными партнерами&raquo;,&nbsp;&mdash; уверен Поволоцкий.

Представитель ЦБТ сказал РБК, что возможность взаимодействия для предоставления финансовых сервисов за пределами России, в том числе по биометрии, может быть только с доверенными дружественными государствами. &laquo;Работаем над этим&raquo;,&nbsp;&mdash; добавил он.

Поволоцкий отметил, что ЦБТ готов предоставлять сервис биометрической идентификации и иностранным гражданам. &laquo;В этом году мы проведем совместный пилот, и у нас будет нормальная, полноценная, подтвержденная биометрия всех въезжающих как пилот иностранных граждан&raquo;,&nbsp;&mdash; добавил он. Как уточнили в пресс-службе ЦБТ, пилот будет проводиться вместе с Москвой. &laquo;Будем регистрировать полноценную подтвержденную биометрию въезжающих в рамках пилота иностранных граждан в рамках реализации концепции миграционной политики&raquo;,&nbsp;&mdash; сказал представитель центра.

Присутствовавшая на сессии первый зампред ЦБ Ольга Скоробогатова в ответ на предложения Поволоцкого отметила, что история с биометрией очень чувствительна к доверию. &laquo;То есть человек, если он не будет доверять и не будет уверенным в безопасности, он в эту историю не пойдет&raquo;,&nbsp;&mdash; отметила она.

АО &laquo;Центр биометрических технологий&raquo; создано в соответствии с указом президента и с 16 декабря 2022 года выполняет функции оператора Единой биометрической системы (ЕБС). С 2023 года все биометрические данные, собранные коммерческими организациями, к которым в основном относятся банки, должны храниться только в ЕБС. Изначально ЕБС была запущена в 2018 году по инициативе Минцифры и ЦБ при участии &laquo;Ростелекома&raquo;. Сейчас россияне могут сдавать биометрические данные в ЕБС в отделениях банков. Это позволяет им становиться клиентами кредитных организаций удаленно, без идентификации в офисе банка.

Однако до того, как банки обязали передать собранную ими биометрию в систему, ЕБС испытывала проблемы с наполняемостью. Так, по состоянию на май 2021 года в ЕБС было зарегистрировано всего около 200 тыс. пользователей. В феврале 2024 года число биометрических образцов в ЕБС составляло около 70 млн.",биометрия розничные банки,1 
13,Венгрия поддержала мирный план Китая и Бразилии по Украине,Политика,06.06.2024,17:12:37,"Будапешт приветствует мирную инициативу Пекина и Бразилиа по конфликту на Украине, заявил глава венгерского МИДа Петер Сийярто на полях Петербургского международного экономического форума (ПМЭФ).

&laquo;Мы приветствуем заявление Китая и Бразилии, потому что оно нацелено на заключение мира на Украине, а это в наших интересах&raquo;,&nbsp;&mdash; сказал он, сообщило &laquo;РИА Новости&raquo;.

Китай и Бразилия в мае выступили за проведение международной мирной конференции, признанной Россией и Украиной, в надлежащее время, с равным участием всех сторон и справедливым обсуждением всех мирных предложений. В китайском МИДе накануне сообщили, что инициативу уже поддержали 26 стран.



Именно Украина должна определять, каким должен быть мир, а участие Китая в саммите в Швейцарии &laquo;могло&nbsp;бы стать хорошей возможностью, чтобы сделать практический вклад в достижение справедливого и долговременного мира&raquo;, заявили в МИД Украины в ответ на предложение. Пекин ранее отклонил приглашение на конференцию.

Саммит пройдет 15&ndash;16 июня в Бюргенштоке. Россию не пригласили. Москва для урегулирования украинского конфликта требует признания &laquo;новых территориальных реалий&raquo;&nbsp;&mdash; Донецкую и Луганскую народные республики, Запорожскую и Херсонскую области в составе России. Президент Украины Владимир Зеленский называл одним из условий начала переговоров возвращение к границам страны 1991 года.",Венгрия Сийярто Петер Украина мирный план,1 
14,На Камчатке отца обвинили в истязании маленькой дочери в течение трех лет,Общество,06.06.2024,17:11:54,"В Петропавловске-Камчатском 40-летний мужчина на протяжении трех лет истязал свою дочь, установило Следственное управление СК по Камчатскому краю. После проверки ведомство возбудило уголовное дело.

&laquo;В ходе следствия установлено, что мужчина в период с сентября 2021 года по май 2024 года &lt;...&gt; причинял дочери 2014 года рождения физические и психические страдания путем систематического нанесения побоев, а также высказывал оскорбления в ее адрес&raquo;,&nbsp;&mdash; говорится в сообщении.

В середине мая десятилетняя девочка пришла в школу с синяками на лице и голове, что сразу вызвало подозрения у учителей, сообщили агентству &laquo;Кам 24&raquo; в пресс-службе УМВД России.



Учителя позвонили в полицию, на место прибыла инспектор по делам несовершеннолетних.

Сотрудник полиции выяснила, что накануне девочку жестоко избил ее отец. И это случилось не в первый раз. Отец не только постоянно физически наказывал дочь, но и оскорблял и унижал ее.&nbsp;Свой поступок отец объяснил тем, что девочка плохо училась.

Следователи возбудили уголовное дело по п.&nbsp;&laquo;г&raquo; ч. 2 ст. 117 Уголовного кодекса&nbsp;&mdash; истязание. Она предусматривает наказание в виде лишения свободы на срок от трех до семи лет.

Мужчину задержали, следователи решают вопрос об избрании ему меры пресечения.&nbsp;В агентстве отметили, что девочку поместили в центр помощи семье и детям.",Следственный комитет Петропавловск-Камчатский истязание,0 
15,Абоненты «Билайна» пожаловались на сбой в работе оператора,Технологии и медиа,06.06.2024,17:08:58,"Пользователи оператора связи &laquo;Билайн&raquo; столкнулись со сбоем в работе оператора, следует из данных Downdetector.

По информации сервиса, пик неполадок&nbsp;пришелся на 15:15 мск&nbsp;&mdash; тогда зафиксировали 900 жалоб. Спустя час произошел спад&nbsp;&mdash; до 280 жалоб. Абоненты пожаловались на работу интернета и связи.

По данным сервиса &laquo;Сбой.рф&raquo;, за 6 июня поступило более 4 тыс. жалоб. Большинство сообщений было из Новосибирской области (32%), Алтайского края (14%) и Кемеровской области (12%).



В конце марта абоненты &laquo;МегаФона&raquo; пожаловались на качество связи. Больше всего сообщений о сбое пришло из Москвы, Санкт-Петербурга и Самарской области.",Билайн сбой жалобы,-2 
16,Bloomberg сообщил о высоком спросе на южнокорейское оружие «старой школы»,Политика,06.06.2024,17:07:06,"Южнокорейские оборонные компании, такие как Hanwha Aerospace Co., LIG Nex1 Co. и Hyundai Rotem Company Ltd., производят оружие дешевле и быстрее чем США или ЕС, и на сегодняшний день оно пользуется повышенным спросом, пишет Bloomberg. Как отмечает агентство, это во многом связано с тем, что корейские фирмы по-прежнему производят много сухопутного оружия &laquo;старой школы&raquo;, в особенности боеприпасов и бронетехники.

Генеральный директор компании Сон Джэ Ил в разговоре с Bloomberg отметил, что основной продукцией Hanwha останется более традиционное оружие, хотя компания и планирует начать разработку двигателя для истребителей шестого поколения. По его словам, чтобы удовлетворить мировой спрос, только в прошлом году Hanwha наняла сотни новых сотрудников. &laquo;США обладают 40% мировых оборонных систем, но они не могут производить все это в одиночку. Мы&nbsp;же ориентируемся на средневесы: САУ, бронетехнику, танки&raquo;,&nbsp;&mdash; сказал Сон.

По данным Bloomberg, с 2022 года годовой доход Hanwha от экспорта оружия вырос в одиннадцать раз и составил $1,1 млрд; акции компании за тот&nbsp;же период выросли примерно на 350%. Возрождение Hanwha отражает ситуацию&nbsp;в мировой оборонной промышленности, пишет агентство: пока американские и большинство европейских производителей занимались разработками в области стратегического оружия, конфликт на Украине показал, что традиционное оружие все еще востребовано.

Как отмечает Bloomberg, одним из наиболее активных покупателей южнокорейского оружия стала Польша, которая с 2022 года заказала не менее 670 самоходных гаубиц К9 и 290 ракетных установок. Также Hanwha поставляет гаубицы в Египет, танки в Австралию и боеприпасы в Великобританию. &laquo;Оружие корейского производства не самое современное, но это то, чего не делают Lockheed Martin и Boeing&raquo;,&nbsp;&mdash; отметил отставной капитан ВМС Южной Кореи и старший научный сотрудник Корейского института военных дел (KMA) Юн Сукджун.

По словам главы Hanwha, пока американские и европейские оборонные подрядчики пытаются возобновить или нарастить производство, южнокорейская компания уже предлагает покупателям преимущества не останавливавшихся производственных линий, бесперебойных цепочек поставок и более коротких сроков доставки. Так, флагманскую гаубицу K9 Hanwha может собрать примерно за 180 дней&nbsp;&mdash; в два-три раза быстрее, чем ее конкуренты. Стоит она около $3,5 млн, что также примерно вдвое дешевле, чем у конкурентов.

Эти преимущества являются общими для всей отечественной отрасли, включая местных конкурентов Hanwha, LIG Nex1 Co. и Hyundai Rotem Company Ltd., заявил Bloomberg профессор Азиатско-Тихоокеанского центров исследований безопасности (DKI APCSS) Лами Ким. &laquo;Южнокорейское вооружение выделяется своим достойным качеством, доступностью по сравнению с американскими и западными альтернативами, а также эффективностью его доставки&raquo;,&nbsp;&mdash; отметил он.



По данным Стокгольмского международного института исследований проблем мира (Stockholm International Peace Research Institute&nbsp;&mdash; SIPRI) в 2023 году общемировые военные расходы выросли на 6,8% и достигли рекордного показателя $2,443 трлн, или 2,3% глобального ВВП. В его ежегодном обзоре Trends In World Military Expenditure, 2023 (есть в распоряжении РБК) сказано, что этот рост стал максимальным с 2009 года и что глобальные расходы на оборону достигли самого высокого уровня, который институт когда-либо фиксировал.

&laquo;Рост глобальных военных расходов в 2023 году можно объяснить прежде всего продолжающейся войной на Украине и эскалацией геополитической напряженности в Азии, Океании и на Ближнем Востоке&raquo;,&nbsp;&mdash; отмечают эксперты. Эту тенденцию они зафиксировали во всех пяти географических регионах&nbsp;&mdash; и сильнее всего в Европе, Азии и Океании и на Ближнем Востоке. Южная Корея, по данным SIRPI, тратит в год на оборону $47,9 млрд и находится на 11 месте по этому показателю.

С начала конфликта на Украину Сеул последовательно занимает позицию Киева, вводя санкции против Москвы и предоставляя Украине финансовую помощь. В 2023 году Сеул пообещал предоставить Киеву дополнительную помощь в размере $2,3 млрд, а президент&nbsp;Юн Сок Ёль&nbsp;не стал исключать возможность поставок оружия&nbsp;в случае возникновения серьезной угрозы мирному населению.&nbsp;Российские власти не раз осуждали помощь Украине&nbsp;&mdash; как финансовую, так и военную.",оружие производство оружия бронетехника боеприпасы Южная Корея США,1 
17,Защита основателя «Макфы» увеличила сумму иска к Малахову до ₽120 млн,Общество,06.06.2024,17:04:11,"Адвокаты бывшего губернатора Челябинской области и основателя &laquo;Макфы&raquo; Михаила Юревича подали в Савеловский суд Москвы уточненный иск к авторам шоу &laquo;Малахов&raquo; на телеканале &laquo;Россия 1&raquo;. Об этом говорится на сайте коллегии адвокатов &laquo;Трунов, Айвар и партнеры&raquo;.

Ответчиками являются телеведущий Андрей Малахов, канал &laquo;Россия 1&raquo;, сетевое издание &laquo;Смотрим&raquo;, ВГТРК и участник шоу, челябинский журналист Андрей Корецкий.

&laquo;Расширены и уточнены требования, так как помимо выпуска телепрограммы &laquo;Малахов&raquo; от 15 апреля 2024 года под названием &laquo;Беглый экс-губернатор и его макаронная фабрика&raquo;, автором которой являлся Андрей Малахов, 21 мая в эфире вышеуказанного телеканала &laquo;Россия 1&raquo; был показан выпуск телепрограммы &laquo;Малахов&raquo; под аналогичным названием, автором которой также являлся Андрей Малахов&raquo;,&nbsp;&mdash; говорится в сообщении адвокатов.

Защита утверждает, что в обеих телепрограммах было допущено &laquo;распространение сведений, которые порочат честь, достоинство и деловую репутацию&raquo; Юревича. Кроме того, в шоу использовалась информация о частной жизни, фотографии и видео истца без его согласия.



&laquo;Телепрограммы вышедшие в процессе судебного рассмотрения гражданского дела об изъятии активов Юревича в доход государства, имела целью формирование общественного мнения и давление на суд&raquo;,&nbsp;&mdash; заявили адвокаты.

Среди требований экс-губернатора к авторам программы&nbsp;&mdash; признать сведения в шоу ложными и порочащими его честь и достоинство, дать опровержение и удалить упомянутые выпуски из интернета.

Кроме того, истец повысил сумму, которую хочет взыскать с ответчиков, до 120 млн руб. Ранее адвокат Игорь&nbsp;Трунов говорил о 100 млн руб. В случае выигрыша средства будут направлены на благотворительность.



В марте суд Челябинска арестовал акции «Макфы» по иску Генпрокуратуры. Ведомство потребовало обратить их в доход государства из-за &laquo;коррупционного происхождения бизнеса&raquo;. Среди ответчиков были экс-губернатор Юревич и экс-депутат Госдумы Вадим Белоусов.

По мнению прокуратуры, Юревич и Белоусов совмещали бизнес и работу в органах госвласти и &laquo;в течение многих лет нарушали установленные антикоррупционным законодательством запреты и ограничения&raquo;.

Адвокаты владельцев &laquo;Макфы&raquo; предлагали мировое соглашение, в рамках которого те собирались выкупить обратно компанию, а государство должно было войти в ее управление. В итоге суд удовлетворил иск Генпрокуратуры о передаче активов компании в доход государства.",Андрей Малахов ВГТРК Россия 1 Челябинская область Михаил Юревич судебный иск «Макфа»,-1 
18,Каковы шансы 17-летней россиянки на победу в полуфинале «Ролан Гаррос»,Спорт,06.06.2024,17:04:10,"Российская теннисистка Мирра Андреева считается фаворитом полуфинального матча Открытого чемпионата Франции (&laquo;Ролан Гаррос&raquo;) с итальянкой Жасмин Паолини. Суперкомпьютер статистической компании Opta оценил вероятность победы 17-летней россиянки в 55,03%, итальянки&nbsp;&mdash; 44,97%.

Букмекеры также отдают предпочтение Андреевой, коэффициент на победу которой 1,75. На успех Паолини они дают коэффициент 2,15.

Соперницы являлись андердогами четвертьфиналов. Андреева сенсационно победила вторую ракетку мира Арину Соболенко (Белоруссия), Паолини&nbsp;&mdash; четвертого номера рейтинга Елену Рыбакину (Казахстан).

Паолини стала пятой теннисисткой в ХХI веке, которая вышла в свой первый полуфинал &laquo;Большого шлема&raquo; на &laquo;Ролан Гаррос&raquo; после наступления 28 лет.

Благодаря успеху Андреева поднимется с 38-го места минимум на 23-е, Паолини&nbsp;&mdash; c 15-го минимум на десятое.

Встречалась&nbsp;ли ранее Андреева со своей соперницей

В конце апреля соперницы встречались в 1/8 финала на престижном турнире серии WTA-1000 в Мадриде. Тогда Андреева выиграла со счетом 7:6, 6:4. Этот матч является единственным в их очном противостоянии.



С кем может сыграть Андреева в финале

Андреева является единственной участницей полуфинала без посева. Также только у нее среди всех полуфиналисток нет ни одного трофея. Это первый полуфинал в ее карьере. Россиянка дебютировала на турнирах &laquo;Большого шлема&raquo; в 16 лет именно на &laquo;Ролан Гаррос&raquo;. В 2023 году она дошла до третьего круга.

В финале победитель матча Паолини&nbsp;&mdash; Андреева встретится с лучшей теннисисткой мира&nbsp;Игой&nbsp;Свёнтек.&nbsp;Полька обыграла третью ракетку мира&nbsp;Коко Гауф (США).

Каковы шансы Андреевой на победу на &laquo;Ролан Гаррос&raquo;

Свёнтек&nbsp;еще до победы в полуфинале являлась фаворитом &laquo;Ролан Гаррос&raquo;. По итогам четвертьфиналов ее&nbsp;победа оценивается в 62,37%, а выход в финал&nbsp;&mdash; 84,09%. Следом в списке претендентов на победу расположились Андреева (15,37%), Паолини (12,81%) и Гауф (9,25%).

Россиянки не побеждали на Открытом чемпионате Франции с 2014 года, когда во второй раз за три года это сделала Мария Шарапова. Всего россиянки четыре раза брали трофей, но только Шараповой удалось повторить успех.

Бывшая первая ракетка мира в мае предрекла Андреевой феноменальный сезон. &laquo;Мирру ждет феноменальный год,&nbsp;&mdash; поделилась мнением Шарапова.&nbsp;&mdash; Я смотрела некоторые ее матчи в 2023 году. У нее хороший настрой на матчи, который она подтверждает своей игрой&raquo;.

Она добавила, что ей нравится подход Андреевой к игре.",Мирра Андреева теннис Ролан Гаррос,0 
19,Вице-премьер Хуснуллин сравнил обеспеченность жильем в России и Китае,Бизнес,06.06.2024,16:56:57,"Обеспеченность россиян жильем сейчас составляет 29 кв. м на человека, в то время как в Китае данный показатель оценивается в 43 кв. м на человека, сказал в эфире телеканала РБК вице-премьер Марат Хуснуллин. По его словам, это связано с тем, что в течение последних 20 лет в Китае жилищное строительство стало одним из драйверов развития экономики. Поэтому за данный период при возведении по 1 кв. м в год на человека они вышли на подобный уровень, добавил он.

В России сейчас этот показатель в среднем составляет 0,75 кв. м на человека даже при рекордных темпах ввода жилья, подчеркнул Хуснуллин. В прошлом году в России было введено свыше 110 млн кв. м. &laquo;Мы хотим выйти на 0,82 кв. м, понимая, что какие-то регионы строят уже 1,5&ndash;2 кв. м на человека&raquo;,&nbsp;&mdash; добавил вице-премьер. В качестве примера он привел Ленинградскую область (около 2 кв. м) и Краснодарский край (свыше 1 кв. м).

К 2030 году обеспеченность россиян жильем должна составить не менее 33 кв. м на человека, напомнил Хуснуллин. Такая цель предусмотрена указом президента Владимира Путина &laquo;О национальных целях развития&raquo;. К 2036 году показатель должен вырасти не менее чем до 38 кв. м, сказано в документе. Кроме того, указом к 2030 году предусмотрено и обновление жилищного фонда не менее чем на 20% по сравнению с показателем 2019 года.

Хуснуллин полагает, что в ближайшее время стоит ожидать охлаждения рынка, но не возникновения кризиса на нем. Это связано в том числе с удорожанием себестоимости строительства. Кроме того, будет ограничена программа льготной ипотеки, что может повлиять на темпы выдачи таких кредитов. Впрочем, за последний год &laquo;было продано настолько много недвижимости и начато новых проектов&raquo;, что объем средств на счетах эскроу составил более 6 трлн руб., подчеркнул вице-премьер. Они пойдут на достройку начатых домов, указал он. &laquo;Посмотрим, как пройдет 2024 год: если чего-то будет не хватать, то примем дополнительные меры&raquo;,&nbsp;&mdash; резюмировал Хуснуллин.

При этом вице-премьер отметил, что при ставке в 18&ndash;19% годовых &laquo;ипотеку никто не выдержит&raquo;. Поэтому, по его словам, сейчас необходимо дождаться снижения инфляционного давления и ставки впоследствии. Он также добавил, что, к примеру, в 2021 году&nbsp;государству почти не приходилось компенсировать разрыв между льготными ставками и рыночными ставками по ипотеке (в течение того года ключевая ставка изменялась от 4,25&nbsp;до 8,5%). А в этом году при ставке ЦБ 16% &laquo;более 500 млрд руб. платим за эту разницу&raquo;, сказал вице-премьер.

На сегодняшний день продажи жилья увеличиваются, так как люди стараются приобрести квартиру до 1 июля, пояснил вице-премьер. Именно тогда и завершится программа общей льготной ипотеки, запущенная в 2020 году, сейчас со ставкой 8% годовых. Семейная ипотека, действие которой также истекает 1 июля, будет продлена до 2030 года, но с корректировкой параметров. В частности, текущая ставка 6% сохранится для семей с детьми до шести лет. Условия программы для семей с детьми старшего возраста сейчас прорабатываются. Само по себе постоянное ограничение в сроках приводит к созданию дополнительного ажиотажного спроса, пояснил Хуснуллин. Поэтому, если по семейной ипотеке будет принят ряд решений, одобренных президентом, то их сохранят до 2030 года без изменений, резюмировал вице-премьер.",Марат Хуснуллин льготная ипотека жилье цены на жилье,-1 
20,Документ о квалификации предложили выдавать во время учебы в вузах,Общество,06.06.2024,16:54:43,"В новой системе высшего образования планируется выдавать документ о квалификации во время обучения в вузе, заявил глава Минобрнауки Валерий Фальков в ходе встречи с активом студенческого медиацентра ведомства на Петербургском международном форуме. Его слова приводит ТАСС.

&laquo;Мы сейчас ведем разговор с законодателями о том, чтобы документ о получении дополнительной квалификации вам давали не после документа о высшем образовании, а во время обучения в вузе&raquo;,&nbsp;&mdash; сказал он. По словам Фалькова, с таким документом можно будет одновременно учиться в университете и работать.

Ранее он рассказал о планах добавить информацию о квалификации выпускника с привязкой к предметной составляющей в приложение к диплому о высшем образовании. Сейчас в этой графе отражена ступень образования&nbsp;&mdash; бакалавр или магистр. Также документ содержит перечень пройденных предметов с количеством часов, оценки по итогам зачетов, экзаменов, курсовых и дипломных работ и информацию об учебной и производственной практиках.


В мае 2022 года Фальков объявил о намерении отказаться от Болонской системы, которую Россия использовала с 2003-го. Она предполагала двухступенчатую систему высшего образования: бакалавриат (четыре года) и магистратура (два года). В России также действовали программы специалитета (не менее пяти лет) и подготовки кадров высшей квалификации: аспирантура (три&ndash;пять лет), ординатура (не более трех лет), ассистентура-стажировка (два года).


Пилотный проект новой системы высшего образования был запущен в учебном году 2023/24 в шести вузах. Он предполагает два уровня обучения: базовый (четыре&ndash;шесть лет) и специализированный (магистратура&nbsp;&mdash; один&ndash;три года, ординатура, ассистентура-стажировка). Аспирантуру при этом отнесли к профессиональному образованию. С 2025 года упразднят бакалавриат. Как пояснили в Минобрнауки, студенты смогут завершить обучение по этой программе без перехода на новую систему высшего образования. Там также исключали обесценивание полученных дипломов бакалавриата.

К 2026 году новую систему высшего образования планируют расширить более чем на&nbsp;1 тыс. вузов. По словам вице-премьера Дмитрия Чернышенко, в рамках реализации этой инициативы разработано 180 образовательных программ, по которым в 2023 году начали обучение свыше 4 тыс. студентов.",Россия Минобрнауки Валерий Фальков образование диплом квалификация ПМЭФ,-1 
21,Один из сыновей главы LVMH стал топ-менеджером Agache,Бизнес,06.06.2024,16:47:51,"Фредерик Арно&nbsp;&mdash; один из пятерых детей главы LVMH Бернара Арно&nbsp;&mdash; стал исполнительным директором семейной холдинговой компании Financi&egrave;re Agache, передает Reuters.

29-летний Арно, который с января 2024-го возглавляет часовую компанию LVMH, заменит Николя Базира, а также будет входить в совет директоров в качестве представителя Agache.


LVMH со штаб-квартирой в Париже&nbsp;&mdash; крупнейший в мире конгломерат предметов роскоши, объединивший более 70 брендов&nbsp;от Tiffany &amp; Co. до Christian Dior и производителя шампанского Dom Perignon.

Financiere Agache владеет 96% компании Christian Dior, которой принадлежит 42% акций LVMH.




В апреле Financial Times сообщила, что глава LVMH готовится передать ключевые посты в корпорации своим детям, чтобы застраховать семейное дело от потенциальных потрясений. По данным газеты, наследников готовили к руководству бизнесом с раннего детства, они работают в конгломерате&nbsp;с наставниками из топ-менеджеров. Кандидатами на места в совете директоров LVMH, писала FT, были выдвинуты 32-летний Александр и 29-летний Фредерик Арно.

Все пятеро детей Арно работают в LVMH. В июле 2022 года миллиардер предложил реорганизовать свою холдинговую компанию Agache, чтобы предоставить им равные доли участия, сообщил Forbes. В рамках созданной структуры все члены семьи Арно имеют равное право голоса и при принятии стратегических решений должны быть единодушны.",LVMH Бернар Арно,0 
22,ФИФА сняла с «Рубина» запрет на регистрацию новичков из-за долга датчанам,Спорт,06.06.2024,16:46:18,"ФИФА отменила запрет &laquo;Рубину&raquo; регистрировать новых игроков, который был наложен из-за долга перед датским &laquo;Ольборгом&raquo; за трансфер Оливера Абильдгора в 2020 году. Об этом ТАСС сообщили в пресс-службе казанского клуба.

В клубе рассказали, что деньги за трансфер Абильдгора были выплачены.

Запрет ФИФА был наложен на три ближайших трансферных окна. В &laquo;Рубине&raquo; в мае объяснили, что клуб пытался провести платежи, но часть из них была отклонена из-за санкций.



Абильдгор провел за &laquo;Рубин&raquo; 62 матча и забил один гол, а также дважды играл в аренде&nbsp;&mdash; за шотландский &laquo;Селтик&raquo; и &laquo;Верону&raquo;. С 2023 года выступает в Италии за &laquo;Комо&raquo;.

&laquo;Рубин&raquo; в минувшем сезоне занял восьмое место в РПЛ.",Футбол ФИФА ФК Рубин Казань,1 
23,У предполагаемого убийцы мужчины в Москве нашли военное обмундирование,Общество,06.06.2024,16:42:11,"У подозреваемого в убийстве на западе Москвы во время обыска нашли магазины от автомата Калашникова и военное обмундирование, сообщил столичный СК в телеграм-канале.

&laquo;Следователями и криминалистами столичного СК в ходе проведения обыска по месту регистрации подозреваемого обнаружены магазины от автомата Калашникова и военное обмундирование&raquo;,&nbsp;&mdash; говорится в сообщении.



6 июня на улице Алексея Свиридова было обнаружено тело мужчины 1989 года рождения, в него выстрелили не менее шести раз. Возбуждено уголовное дело об убийстве (ч. 1 ст. 105 УК) и о незаконном хранении и ношении огнестрельного оружия и боеприпасов (ст. 222 УК).

Приоритетной версией убийства следствие назвало &laquo;личный конфликт между потерпевшим и подозреваемым на фоне личностных разногласий, возникших на почве ревности&raquo;. Версию о заказном преступлении ведомство не подтвердило.

Во время задержания подозреваемый был ранен&nbsp;&mdash; он оказал сопротивление и вступил в перестрелку с силовиками. По данным телеграм-канала SHOT, предполагаемый убийца&nbsp;&mdash; 35-летний Андрей Демин. Baza пишет, что ранее он был судим по статье о наркотиках. Мужчина работал на портале Proskater в 2018 году и был знаком с убитым, сообщает канал.

Убитого зовут Константин Балишанский, пишут телеграм-каналы. По информации SHOT, он был системным администратором и увлекался скейтбордингом.",Москва убийство,-1 
24,Молния ударила в «Детское посольство» в Москве,Общество,06.06.2024,16:37:32,"В Москве молния ударила в крышу здания детского сада &laquo;Детское посольство&raquo; на территории ВДНХ, начался пожар. Как сообщили РБК в пресс-службе МЧС России, загорелась кровля административного здания.

Сообщение о пожаре поступило по адресу: пр-т Мира, 119, стр. 290. По нему расположен розовый домик, входящий в комплекс &laquo;Детское посольство&raquo;. По предварительной информации, пострадавших нет. До прибытия пожарных люди сумели эвакуироваться самостоятельно. По данным МЧС, пожар локализовали на площади 110 кв. м.

Как сообщил телеграм-канал Shot, из &laquo;Детского посольства&raquo; эвакуировали 19 детей. Угрозы распространения огня на соседние здания нет.



&laquo;Детское посольство&raquo; на ВДНХ&nbsp;&mdash; это центр воспитания детей и частный детский сад. На сайте ВДНХ говорится, что здание представляет собой экосистему, в которой &laquo;ребенок развивается в соответствии со своей индивидуальностью&raquo;. &laquo;Детское посольство&raquo; состоит из нескольких строений, расположенных в &laquo;удивительно живописном, тихом месте, окруженном лесным массивом&raquo;.

В ночь на 6 июня прошедший ливень на ВДНХ стал самым сильным с начала столетия. Как отметила специалист информационного агентства &laquo;Метеоновости&raquo; Татьяна Позднякова, сутки 6 июня стали вторыми &laquo;самыми дождливыми за всю историю наблюдений в столице&raquo;. Ливень затопил дороги столицы, из-за чего в некоторых районах Москвы возникли пробки, больше всех от дождя и града пострадали северные районы. Как уточнили в МЧС, такая погода продлится до ночи.",ВДНХ ливень Пожар МЧС новости детские сады,0 
25,ЕСПЧ признал «дефектным» дело против Рыболовлева о торговле влиянием,Бизнес,06.06.2024,16:31:46,"Европейский суд по правам человека (ЕСПЧ) признал, что уголовный процесс в Монако в отношении российского миллиардера Дмитрия Рыболовлева (состояние, по версии Forbes, $6,4 млрд) и его адвоката Татьяны Бершеды в рамках дела о торговле влиянием был изначально &laquo;дефектным&raquo; и основывался исключительно на незаконном использовании содержимого телефона Бершеды. Об этом РБК сообщили адвокаты бизнесмена.

Разбирательство по делу продолжается уже много лет, оно связано с конфликтом между Рыболовлевым, швейцарским арт-дилером Ивом Бувье и их общей подругой, жительницей Монако Таней Раппо. Раппо познакомила бизнесмена и арт-дилера в начале 2000-х, когда Рыболовлев захотел собрать коллекцию произведений искусства. Однако уже в январе 2015 года российский бизнесмен подал иск о мошенничестве (это дело уже прекращено), обвинив Бувье в продаже картин по завышенной цене и получении &laquo;невероятной прибыли&raquo;, а Раппо&nbsp;&mdash; в том, &laquo;что она воспользовалась своей ролью посредника для сверхмерного обогащения&raquo;.

В качестве доказательства сотрудничества Бувье и Раппо сторона Рыболовлева в феврале 2017-го собиралась представить аудиозапись, которую &laquo;сделали во время частного ужина в доме Дмитрия Рыболовлева в Монако 23 февраля 2015 года&raquo;. Два дня спустя после этого ужина Раппо и Бувье были арестованы. Бершеда хотела приобщить запись разговора к уголовному делу в 2017 году, после этого Раппо подала жалобу на юриста в связи с нарушением права на уважение частной жизни.

В рамках дела полиция изучила сообщения в телефоне Бершеды, в том числе ее личную переписку, после чего открыла на нее и Рыболовлева дело о торговле влиянием. В ноябре 2018 года Рыболовлева задержали в Монако и официально предъявили обвинения. Он был освобожден спустя сутки под условие судебного контроля. В январе 2019 года кассационный суд в Монако оставил решение в силе и признал приемлемым проведение экспертизы СМС-сообщений адвоката бизнесмена. После этого адвокаты Рыболовлева подали иск в ЕСПЧ.

Само уголовное дело против бизнесмена было закрыто еще в ноябре: следственные судьи в Монако не нашли в нем состава преступления.



Как уточнили РБК адвокаты бизнесмена, 6 июня ЕСПЧ единогласно постановил, что с самого начала уголовного преследования Рыболовлева были нарушены права, защищаемые Европейской конвенцией о правах человека. Они напомнили, что защита бизнесмена с самого начала настаивала, что для предъявления обвинений следственный судья не имел права рыться в телефоне его адвоката, чтобы извлечь сообщения, связанные c ее юридической деятельностью.

&laquo;В заключение суд постановил, что следственный судья установил слишком широкий периметр своего расследования и что национальные надзорные судебные органы не скорректировали рамки экспертизы и самого расследования, чтобы они соответствовали полномочиям судьи&raquo;,&nbsp;&mdash; рассказали юристы.

По их словам, суд счел уголовный процесс в Монако &laquo;дефектным&raquo;, поскольку он фактически основывался исключительно на незаконном использовании содержимого телефона Бершеды и на ложном толковании сообщений из него.


Рыболовлев занимает 28-е место в российском рейтинге Forbes. Он владеет футбольным клубом &laquo;Монако&raquo;, вице-президентом которого является его старшая дочь Екатерина. В прошлом бизнесмен&nbsp;&mdash; бывший совладелец &laquo;Уралкалия&raquo;.",Дмитрий Рыболовлев ЕСПЧ Монако мошенничество,1 
26,Мария Багреева рассказала о роли городов в климатической повестке мира,Экономика,06.06.2024,16:28:02,"Мегаполисы стали основным источником техногенного воздействия на климат. Москва не является исключением. Более того, столица имеет ряд достижений, которые делают ее лидером среди российских регионов по вопросам изменения климата. Об инновациях, ставших частью городской политики, рассказала заммэра Москвы, руководитель столичного департамента экономической политики и развития Мария Багреева.

Обсуждение проходило в рамках сессии &laquo;Климатическая повестка ЕАЭС, ШОС, БРИКС: партнерство для устойчивого развития&raquo; 27-го Петербургского международного экономического форума (ПМЭФ-2024). В основе московского опыта&nbsp;&mdash; переход на низкоуглеродную траекторию развития города. Этому способствует ряд мер, наиболее значимыми из которых являются программы реновации ветхого жилья и обновления столичного общественного транспорта.

Важный акцент в обновлении жилого фонда сделан на энергоэффективности строящихся домов. &laquo;Возведенные по программе реновации новостройки потребляют на 30&ndash;40% меньше тепла и электричества, что способствует как снижению углеродного следа жилищного сектора&nbsp;&mdash; примерно на 250 тыс. т эквивалента углекислого газа в год,&nbsp;так и снижению расходов граждан на ЖКХ в среднем на 10%&raquo;,&nbsp;&mdash; подчеркнула Багреева.

В случае с общественным транспортом&nbsp;сам подход с использованием &laquo;зеленого финансирования&raquo; уже является инновационным, отметила заммэра. За последние три года Москва разместила два выпуска зеленых облигаций. Средства инвесторов направили на развитие экологичного общественного транспорта. В цифрах это 451 электробус, а также строительство путей и станций Большой кольцевой линии метро.

Столичный опыт вмещает в себя и другие программы&nbsp;&mdash; создание и развитие парков и скверов, модернизацию&nbsp;ТЭК, раздельный сбор отходов и прочее. О своих достижениях столица рассказывает на международном уровне, выступая на конференциях, посвященных проблематике устойчивого развития.",Экология Москва электробусы ПМЭФ,1 
27,Ксения Раппопорт в военном суде назвала спектакль Беркович «прививкой»,Политика,06.06.2024,16:26:08,"Народная артистка России Ксения Раппопорт в выступлении в суде назвала спектакль &laquo;Финист Ясный Сокол&raquo; &laquo;колоссальной профилактической прививкой&raquo; и очень важной разъяснительной работой, необходимой для того, чтобы объяснить девушкам, как легко можно попасть под влияние террористов. Раппопорт дала показания как свидетель защиты во Втором Западном окружном военном суде, где продолжается рассмотрение&nbsp;дела режиссера Евгении Беркович и драматурга Светланы Петрийчук. Их обвинили по ч. 2 ст. 205.2 Уголовного кодекса (публичное оправдание терроризма и пропаганда терроризма через информационно-телекоммуникационные сети, в том числе интернет), им грозит до семи лет лишения свободы. Судья Юрий Массин начал рассматривать дело по существу 20 мая.

&laquo;Посыл у спектакля абсолютно внятный, очень простой, он хорошо донесен до зрителя. Это горестный рассказ о том, как простые, нормальные девушки оказались втянуты в деятельность террористической группировки путем искусной вербовки. Нам&nbsp;как зрителям&nbsp;это очень подробно рассказано и показано,&nbsp;&mdash; пояснила Раппопорт.&nbsp;&mdash; Показан, очень просто, механизм, как девушки, девочки, у которых в жизни произошли неприятные обстоятельства, &lt;...&gt; и в момент их уязвимости и боли к ним подключаются вот такие люди, которые профессионально вычисляют таких женщин&nbsp;и вступают с ними в переписку. И дальше мы видим, каким кошмаром и ужасом это заканчивается&raquo;.



Актриса рассказала, что на спектакль она ходила с подругой, у которой есть дочь-подросток. По ее словам, после спектакля подруга была &laquo;в потрясении&raquo; и решила сводить на спектакль дочь для того, чтобы она поняла, как легко можно попасться на уловки террористов.

Одна из адвокатов спросила Раппопорт, хотела&nbsp;бы она повторить судьбу героини спектакля и пьесы. &laquo;Господи, конечно нет&raquo;,&nbsp;&mdash; ответила она.

Не увидела актриса в постановке и оправдания терроризма. &laquo;Как может служить оправданием терроризма страшная история, которая происходит на суде и в конце которого выносится обвинительный приговор, и в конце звучит песня, которая фактически хоронит Марьюшку?&raquo;&nbsp;&mdash; задала она вопрос.

Раппопорт выразила надежду на то, что по крайней мере те, кто посмотрел этот спектакль, уже никогда не попадутся на уловки террористов. &laquo;Это колоссальная профилактическая прививка. Это очень важный спектакль, особенно сегодня, когда эта опасность существует и она обострена. Она страшно обострена. Вообще было&nbsp;бы здорово, чтобы такой спектакль был и про мужчин, как они туда попадают&raquo;,&nbsp;&mdash; пояснила она.

Беркович и Петрийчук были задержаны в мае 2023 года, с тех пор они находятся в СИЗО. Окончательное обвинение им предъявили 29 февраля. Виновными себя они не признают.



По версии следствия, Петрийчук написала, а Беркович поставила театральную пьесу &laquo;Финист Ясный Сокол&raquo;, в которой содержатся признаки оправдания и пропаганды терроризма. Затем режиссер и драматург &laquo;публично демонстрировали [спектакль] на различных фестивалях, в театральных организациях, а также в сети Интернет&raquo;.

В 2022 году &laquo;Финист Ясный Сокол&raquo; победил в двух номинациях&nbsp;театральной премии &laquo;Золотая маска&raquo;.",Евгения Беркович Светлана Петрийчук суд спектакль «Золотая маска» Ксения Раппопорт,-1 
28,"Мать убитой в ЛНР девушки заявила, что одного из сообщников повесили",Общество,06.06.2024,16:25:19,"Соучастник и ключевой свидетель в деле об убийстве 23-летней Валентины Давроновой в Новоайдаре в Луганской Народной Республике, в котором обвиняют российских военных, умер в камере после ареста, рассказала &laquo;Ленте.ру&raquo; мать девушки Татьяна Давронова.

По версии следствия, Валентину похитили командир взвода ВДВ старший лейтенант Айдын Жамидулов и его подчиненный рядовой Алексей Дорожкин. &laquo;Коммерсантъ&raquo; писал, что девушка состояла в отношениях с Жамидуловым, который был женат. После их ссоры тот решил, что Валентина расскажет об их связи семье, поэтому вместе с Дорожкиным увез ее на грузовике, а после нанес около 20 ножевых ранений. Добил девушку Дорожкин&nbsp;&mdash; он ударил ее ножом в область сердца. Тело Давроновой Жамидулов приказал вывезти за пределы части и подорвать гранатами.

Мать убитой считает, что в преступлении &laquo;все по чуть-чуть участвовали&raquo;, но не остановили его, &laquo;потому что все боялись командира&raquo;. Она рассказала, что один из соучастников, которого называли Бугор, показал место захоронения останков Валентины. &laquo;Следующей ночью Бугра повесили в камере&raquo;,&nbsp;&mdash; заявила Татьяна Давронова.



Она рассказала, что они с семьей переехали в Донбасс в 2006 году из Узбекистана. В 2014-м она вступила в ополчение в городе Счастье, а после того как в него зашли украинские военные, вступила в ВСУ, чтобы доказать, что является &laquo;истинной украинкой&raquo;. У убитой есть малолетняя дочь. По словам матери Валентины, она видела девушку накануне убийства. Татьяна рассказала, что Жамидулов интересовался ее дочерью, &laquo;но связь с женатым мужчиной для нее была табу&raquo;.

&laquo;У нее были отношения с другим российским военным по имени Егор&nbsp;&mdash; он не из ВДВ, как Жамидулов, служил совсем в другом роде войск&raquo;,&nbsp;&mdash; добавила женщина. Они должны были пожениться. Валентину также добивался военный по кличке Бугор, именно он позвал ее в кафе 13 января, а та пришла, чтобы &laquo;еще раз объяснить, что у них ничего не получится&raquo;, рассказала мать погибшей. По словам женщины, триггером для военных стали слова ее дочери, пригрозившей найти жену Жамидулова в соцсетях и написать ей, если тот от&nbsp;нее не отстанет.



Жамидулова и Дорожкина обвиняют по нескольким статьям Уголовного кодекса:


похищение человека (ч. 1 ст. 126, максимальное наказание&nbsp;&mdash; пять лет лишения свободы);
убийство, совершенное с особой жестокостью группой лиц и сопряженное с похищением (пп. &laquo;в&raquo;, &laquo;д&raquo;, &laquo;ж&raquo; ч. 2 с. 105, предусмотренное наказание&nbsp;&mdash; вплоть до пожизненного лишения свободы);
подготовка убийства и подстрекательство к нему (ч. 3 ст. 30, ч. 4 ст. 33, пп. &laquo;в&raquo;, &laquo;д&raquo;, &laquo;ж&raquo; ч. 2 ст. 105);
надругательство над телом умерших группой лиц (п. &laquo;а&raquo; ч. 2 ст. 244, до пяти лет лишения свободы).",ЛНР убийство,0 
